tank_id,dmg,frg,spo,def,win,battles,type,tier,tag
1,486.793,0.978,1.377,1.133,54.914,183381087,mediumTank,5,R04_T-34
33,614.322,1.240,1.559,1.194,55.985,21604313,heavyTank,5,A21_T14
49,1124.048,0.888,1.573,0.903,51.650,417464516,mediumTank,8,Ch01_Type59
81,220.612,1.670,0.925,1.303,57.694,5026525,mediumTank,1,GB01_Medium_Mark_I
113,231.874,1.567,0.834,1.225,58.351,2776116,lightTank,1,Cz06_Kolohousenka
129,217.193,1.447,1.267,1.317,58.333,1519945,lightTank,1,S05_Strv_M21_29
145,771.149,0.973,1.334,0.804,54.444,10712779,mediumTank,6,Pl03_PzV_Poland
161,236.218,1.613,0.976,1.594,57.983,2285441,lightTank,1,It04_Fiat_3000
257,578.715,1.122,0.538,1.282,54.379,114738094,AT-SPG,5,R02_SU-85
273,915.268,1.013,0.074,1.301,51.427,224630970,SPG,6,G02_Hummel
289,285.980,1.051,2.153,1.562,56.678,6272452,lightTank,3,A03_M3_Stuart
305,666.646,0.687,2.613,0.703,52.268,50574308,lightTank,7,Ch02_Type62
321,311.868,1.202,0.812,1.647,57.941,1144824,mediumTank,3,F03_D2
337,251.223,1.387,0.933,1.252,56.490,1767939,mediumTank,2,GB05_Vickers_Medium_Mk_II
353,244.775,1.352,1.178,1.470,57.487,444435,mediumTank,2,J15_Chi_Ni
369,245.596,1.201,1.344,1.539,56.411,1418384,lightTank,2,Cz03_LT_vz35
385,263.740,1.316,1.319,1.361,57.320,1798788,lightTank,2,S03_Strv_M38
401,243.866,0.834,0.956,1.423,54.475,2576181,lightTank,2,Pl01_TKS_20mm
417,306.481,1.319,1.365,1.758,57.154,935141,lightTank,2,It05_Carro_L6_40
513,1023.265,0.980,1.015,0.834,53.429,453578679,heavyTank,7,R01_IS
529,1067.314,0.944,0.989,1.033,53.631,324045062,heavyTank,7,G04_PzVI_Tiger_I
545,199.671,1.549,1.885,1.445,58.000,14310716,lightTank,1,A01_T1_Cunningham
561,1232.629,0.900,1.431,0.733,51.142,2685093,mediumTank,8,Ch01_Type59_Gold
577,204.250,1.436,1.216,1.873,57.857,834580,lightTank,1,F01_RenaultFT
593,250.572,1.364,2.095,1.471,58.162,2897586,lightTank,2,GB14_M2
609,206.495,1.518,1.109,1.782,57.790,2326529,lightTank,1,J01_NC27
625,306.254,0.934,1.039,1.467,55.672,3303502,lightTank,3,Cz10_LT_vz38
641,351.872,1.162,1.331,1.565,56.513,4797384,lightTank,3,S12_Strv_M40
673,315.644,1.480,0.941,1.619,58.720,2189916,mediumTank,2,It06_M14_41
769,268.251,0.907,2.202,1.261,55.694,4694394,lightTank,4,R03_BT-7
785,234.486,1.356,1.497,1.803,57.230,11505450,lightTank,2,G07_Pz35t
801,796.038,0.969,1.026,0.906,53.734,85199003,heavyTank,6,A10_M6
817,1230.913,0.904,1.304,0.705,52.202,93263506,heavyTank,8,Ch03_WZ-111
833,218.279,1.327,0.119,1.351,56.440,2864998,SPG,2,F20_RenaultBS
849,454.031,1.118,0.781,1.590,55.821,124136603,mediumTank,4,GB07_Matilda
865,247.025,1.338,1.437,1.471,56.671,995663,lightTank,2,J03_Ha_Go
881,375.811,0.957,1.191,1.339,55.896,4304812,mediumTank,4,Cz11_V_8_H
897,392.630,0.989,1.284,1.105,55.219,6938483,mediumTank,4,S04_Lago_I
913,1346.335,0.864,0.993,0.453,52.964,28717355,heavyTank,8,Pl08_50TP_prototyp
929,401.648,1.320,1.094,1.490,56.189,5066917,mediumTank,3,It03_M15_42
1025,236.403,1.314,1.702,1.471,56.835,33160853,lightTank,2,R08_BT-2
1041,579.953,1.110,0.699,1.399,54.160,148848139,AT-SPG,5,G05_StuG_40_AusfG
1057,518.313,1.056,1.373,1.013,54.817,95996918,mediumTank,5,A05_M4_Sherman
1073,910.594,0.914,1.467,0.990,54.402,75902343,mediumTank,7,Ch04_T34_1
1089,402.805,1.149,1.119,1.409,55.581,4824008,heavyTank,4,F04_B1
1105,697.377,0.990,1.861,1.000,54.324,228619250,mediumTank,6,GB21_Cromwell
1121,905.528,0.890,1.004,1.102,51.609,53109531,mediumTank,7,J11_Chi_Ri
1137,485.784,0.853,1.426,1.117,54.404,29078549,mediumTank,5,Cz09_T_24
1153,500.362,0.908,1.176,1.007,53.991,20079207,mediumTank,5,S02_Strv_M42
1169,240.305,1.390,1.521,1.387,58.251,1866438,lightTank,1,Pl14_4TP
1185,458.934,1.129,1.080,0.956,55.540,11841171,mediumTank,4,It07_P26_40
1297,890.795,0.881,1.249,1.199,53.839,109165632,mediumTank,7,G03_PzV_Panther
1313,690.466,0.971,1.419,1.111,54.815,27871324,mediumTank,6,A06_M4A3E8_Sherman
1329,222.152,1.669,1.284,1.779,56.605,4335202,lightTank,1,Ch06_Renault_NC31
1345,252.816,1.378,1.042,2.048,58.440,7700845,lightTank,2,F12_Hotchkiss_H35
1361,302.080,1.132,1.760,1.580,57.283,701882,lightTank,3,GB15_Stuart_I
1377,488.563,0.915,1.190,1.095,54.439,25124762,mediumTank,5,J08_Chi_Nu
1393,724.339,0.914,1.415,1.005,53.101,149074165,mediumTank,6,Cz08_T_25
1409,739.033,0.936,1.081,1.014,53.414,62907054,mediumTank,6,S07_Strv_74
1425,313.160,1.434,0.994,1.463,58.725,1783179,lightTank,2,Pl09_7TP
1441,497.543,0.896,1.080,0.856,54.834,12575150,mediumTank,5,It11_P43
1537,405.745,1.024,1.219,1.010,55.615,76113649,mediumTank,4,R06_T-28
1553,747.835,1.059,0.727,1.266,53.584,83594113,AT-SPG,6,G17_JagdPzIV
1569,931.350,0.918,1.576,1.037,54.240,69724177,mediumTank,7,A07_T20
1585,1059.924,0.822,1.471,0.955,52.103,25117132,mediumTank,8,Ch05_T34_2
1601,259.805,1.305,0.899,2.090,57.022,494040,lightTank,2,F02_D1
1617,384.151,1.026,0.877,1.113,54.872,817674,mediumTank,4,GB17_Grant_I
1633,383.685,0.994,1.250,1.162,55.835,5479239,mediumTank,4,J09_Chi_He
1649,905.693,0.871,1.227,0.879,53.081,92841055,mediumTank,7,Cz05_T34_100
1665,911.928,0.882,1.289,0.771,52.949,88976431,mediumTank,7,S13_Leo
1681,325.073,1.015,1.175,1.196,54.864,918027,lightTank,3,Pl06_10TP
1697,757.758,0.974,1.020,0.698,53.338,62032647,mediumTank,6,It10_P43_bis
1793,1136.156,0.916,0.042,0.799,50.715,138226501,SPG,7,R15_S-51
1809,477.040,1.404,0.614,1.199,56.136,85245600,AT-SPG,4,G09_Hetzer
1825,272.071,1.479,2.448,1.536,56.883,49361972,lightTank,2,A02_M2_lt
1841,1429.378,0.874,1.373,0.730,51.591,58200433,mediumTank,9,Ch18_WZ-120
1889,724.518,0.953,1.061,1.138,52.522,46014916,mediumTank,6,J10_Chi_To
1905,1064.808,0.789,1.045,0.954,51.847,23776124,mediumTank,8,Cz07_TVP_46
1921,1323.587,0.931,0.797,0.656,51.738,128842064,heavyTank,8,S18_EMIL_1951_E1
1937,338.727,0.735,1.505,0.949,53.421,1305393,lightTank,4,Pl07_14TP
1953,916.420,0.929,1.306,0.720,53.453,54840312,mediumTank,7,It09_P43_ter
2049,328.250,0.784,2.479,1.078,55.116,6919362,lightTank,5,R12_A-20
2065,258.752,1.391,1.671,1.641,57.266,38796514,lightTank,2,G06_PzII
2081,228.300,1.252,0.395,1.901,54.389,12028057,SPG,2,A107_T1_HMC
2097,1561.780,0.845,1.237,0.535,51.417,110630380,heavyTank,9,Ch12_111_1_2_3
2113,695.579,1.307,0.106,1.235,54.247,102417732,SPG,5,F28_105_leFH18B2
2129,464.017,0.923,1.654,1.192,55.036,19813309,lightTank,6,GB20_Crusader
2145,350.119,1.279,1.196,1.394,57.548,4964301,lightTank,3,J07_Chi_Ha
2161,1611.001,1.004,1.119,0.748,50.795,223532636,mediumTank,9,Cz02_TVP_T50
2177,1687.097,0.974,0.906,0.523,51.614,135110801,heavyTank,9,S17_EMIL_1952_E2
2193,526.937,0.883,1.213,0.736,54.633,5946876,mediumTank,5,Pl12_25TP_KSUST_II
2209,1176.276,0.868,1.087,0.668,50.372,115265272,mediumTank,8,It14_P44_Pantera
2305,996.324,1.022,0.522,0.895,52.720,200321663,AT-SPG,7,R18_SU-152
2321,768.180,1.008,1.144,1.108,54.761,129843020,heavyTank,6,G15_VK3601H
2353,259.952,1.424,1.252,1.542,57.542,5714622,lightTank,2,Ch07_Vickers_MkE_Type_BT26
2369,434.001,1.597,0.999,1.603,57.453,44909397,AT-SPG,3,F27_FCM_36Pak40
2385,314.308,1.164,1.012,1.418,56.684,1077816,mediumTank,3,GB06_Vickers_Medium_Mk_III
2401,291.502,1.151,1.572,1.508,56.884,1910038,lightTank,3,J04_Ke_Ni
2417,1850.389,1.022,1.270,0.621,49.376,221261301,mediumTank,10,Cz04_T50_51
2433,2037.838,0.956,1.134,0.443,49.703,102509057,heavyTank,10,S16_Kranvagn
2449,738.538,0.920,0.779,0.727,53.347,16350432,mediumTank,6,Pl10_40TP_Habicha
2465,1631.257,1.033,1.086,0.684,50.087,165967035,mediumTank,9,It12_Prototipo_Standard_B
2561,707.508,0.940,1.337,0.978,53.917,680241827,mediumTank,6,R07_T-34-85
2577,645.514,1.021,1.205,1.111,54.837,46295324,mediumTank,5,G13_VK3001H
2593,1692.603,0.965,0.673,0.571,50.700,408091285,AT-SPG,9,A14_T30
2625,785.464,0.892,0.917,0.863,53.439,89524932,heavyTank,6,F06_ARL_44
2657,1108.748,0.814,1.130,1.019,51.119,63905054,mediumTank,8,J13_STA_1
2689,307.839,1.050,0.471,1.856,50.671,90690,AT-SPG,2,S09_L_120_TD
2705,1059.821,0.955,1.034,0.643,53.450,35169709,heavyTank,7,Pl11_45TP_Habicha
2721,1939.697,1.095,1.113,0.621,49.476,221221457,mediumTank,10,It08_Progetto_M40_mod_65
2817,815.086,1.043,1.048,0.789,53.753,608722318,heavyTank,6,R106_KV85
2833,351.043,1.164,0.163,1.304,57.070,3126755,SPG,3,G11_Bison_I
2849,1243.507,0.789,0.821,0.717,50.809,718902812,heavyTank,8,A13_T34_hvy
2865,1222.668,0.843,1.091,0.804,53.027,61635122,heavyTank,8,Ch11_110
2881,290.211,0.811,0.829,1.173,55.824,3607670,lightTank,4,F14_AMX40
2897,624.062,1.122,0.870,1.340,55.740,41695555,heavyTank,5,GB08_Churchill_I
2913,365.358,0.982,1.694,1.193,55.496,12120655,lightTank,4,J06_Ke_Ho
2929,2154.689,0.957,1.117,0.452,49.634,53380585,heavyTank,10,Cz17_Vz_55
2945,408.815,1.352,0.554,1.468,55.572,2372728,AT-SPG,3,S20_Ikv_72
2961,1286.958,0.827,0.961,0.524,51.607,54498548,heavyTank,8,Pl13_53TP_Markowskiego
2977,1966.662,0.942,0.914,0.452,49.243,14951990,heavyTank,10,It15_Rinoceronte
3073,286.441,1.086,1.366,1.223,56.100,12737242,lightTank,3,R22_T-46
3089,231.744,1.616,1.781,1.637,57.670,30320417,lightTank,1,G12_Ltraktor
3105,360.860,1.036,0.845,1.055,55.250,6931666,mediumTank,4,A04_M3_Grant
3121,345.839,0.923,2.290,1.130,55.487,21980156,lightTank,4,Ch09_M5
3137,1299.642,0.996,0.900,0.971,51.312,232119494,heavyTank,8,F08_AMX_50_100
3153,1008.525,0.940,0.836,1.248,55.079,40947531,heavyTank,7,GB10_Black_Prince
3169,251.115,1.148,1.195,1.526,55.747,5339691,lightTank,2,J02_Te_Ke
3185,1713.687,0.869,1.100,0.486,51.502,41877602,heavyTank,9,Cz16_TNH_T_vz51
3201,455.355,1.159,0.633,1.351,55.088,1564150,AT-SPG,4,S19_Sav_M43
3217,1633.903,0.874,0.936,0.439,51.958,62409591,heavyTank,9,Pl05_50TP_Tyszkiewicza
3233,1059.192,0.891,0.989,0.691,53.533,10473107,heavyTank,7,It16_Carro_d_assalto_P88
3329,219.466,1.634,1.210,1.682,57.346,34096556,lightTank,1,R11_MS-1
3345,338.912,1.325,1.285,1.538,58.134,23617579,lightTank,3,G08_Pz38t
3361,624.624,1.133,1.140,1.181,55.408,63976178,heavyTank,5,A09_T1_hvy
3377,694.473,0.695,2.315,0.716,52.010,64062973,lightTank,7,Ch16_WZ_131
3393,388.082,1.084,0.139,1.895,52.192,7018521,SPG,3,F21_Lorraine39_L_AM
3409,291.225,1.084,0.125,1.607,55.601,914710,SPG,3,GB27_Sexton
3425,1532.811,0.915,1.115,0.786,50.346,74900161,mediumTank,9,J14_Type_61
3441,1258.055,0.754,1.014,0.570,51.266,16050486,heavyTank,8,Cz18_TNH_105_1000
3457,531.517,1.069,0.830,1.058,54.965,7564417,AT-SPG,5,S14_Ikv_103
3473,2045.941,0.919,0.930,0.345,50.326,97308625,heavyTank,10,Pl15_60TP_Lewandowskiego
3489,1600.313,0.899,0.975,0.482,51.107,33043882,heavyTank,9,It19_Progetto_C50_mod_66
3585,784.900,1.087,0.726,1.050,53.250,428649074,AT-SPG,6,R17_SU-100
3601,303.727,1.740,0.891,1.714,58.187,14498016,AT-SPG,2,G21_PanzerJager_I
3617,471.300,0.874,0.116,1.752,49.622,34519819,SPG,3,A16_M7_Priest
3633,1061.034,0.994,1.079,0.810,54.282,99067150,heavyTank,7,Ch10_IS2
3649,1758.510,1.064,1.675,0.779,48.777,533527766,mediumTank,10,F18_Bat_Chatillon25t
3665,733.679,0.949,1.017,1.076,52.871,15176063,mediumTank,6,GB19_Sherman_Firefly
3681,1859.295,0.948,1.316,0.655,50.139,118010035,mediumTank,10,J16_ST_B1
3697,1124.975,0.916,0.925,0.622,53.843,10795187,heavyTank,7,Cz19_Vz_44_1
3713,765.823,0.957,0.603,1.049,52.982,56666366,AT-SPG,6,S08_Ikv_65_Alt_2
3729,637.566,0.880,1.324,0.829,53.238,2618674,mediumTank,5,Pl17_DS_PZlnz
3745,1350.149,0.882,1.013,0.515,51.458,36668862,heavyTank,8,It17_Progetto_CC55_mod_54
3841,213.983,1.239,0.121,1.422,54.619,10556539,SPG,2,R16_SU-18
3857,1033.152,1.005,0.683,1.057,53.052,191685142,AT-SPG,7,G18_JagdPanther
3873,1125.503,0.993,1.074,0.977,53.998,444351232,heavyTank,7,A11_T29
3889,833.083,0.657,2.489,0.654,51.682,81277557,lightTank,8,Ch17_WZ131_1_WZ132
3905,1569.991,0.954,0.854,0.782,50.276,152408804,heavyTank,9,F09_AMX_50_120
3921,1256.900,0.828,1.039,0.801,52.452,98071467,heavyTank,8,GB11_Caernarvon
3937,1986.407,0.884,0.789,0.450,50.783,67454755,heavyTank,10,J20_Type_2605
3969,971.734,0.942,0.579,1.122,52.402,32891412,AT-SPG,7,S06_Ikv_90_Typ_B_Bofors
3985,843.433,0.954,0.964,0.652,52.907,8643687,mediumTank,6,Pl18_BUGI
4097,1279.483,0.900,0.020,0.767,50.998,212925960,SPG,8,R27_SU-14
4113,891.800,0.952,1.554,1.043,53.658,44001317,mediumTank,7,G24_VK3002DB
4129,832.696,1.005,0.078,1.439,51.323,82949827,SPG,5,A18_M41
4145,1800.196,0.922,1.275,0.639,49.938,47904801,mediumTank,10,Ch19_121
4161,622.313,1.121,0.099,2.254,53.290,29701230,SPG,5,F22_AMX_105AM
4193,1507.615,0.805,0.695,0.493,51.687,90379217,heavyTank,9,J25_Type_4
4225,1332.343,0.912,0.565,0.918,50.447,131633612,AT-SPG,8,S21_UDES_03
4241,994.463,0.884,1.287,0.662,53.070,14262051,mediumTank,7,Pl20_CS_44
4353,1053.720,0.819,1.421,0.889,51.942,271868664,mediumTank,8,R20_T-44
4369,381.147,1.022,1.880,1.115,57.130,5959492,mediumTank,4,G10_PzIII_AusfJ
4385,1235.560,0.867,1.165,0.955,52.410,164003415,heavyTank,8,A12_T32
4401,330.079,1.279,1.203,1.475,57.534,9107275,lightTank,3,Ch08_Type97_Chi_Ha
4417,489.985,1.004,1.157,1.041,54.329,6356668,mediumTank,5,F11_Renault_G1R
4433,1624.267,0.848,1.029,0.606,51.430,188319036,heavyTank,9,GB12_Conqueror
4449,378.528,1.089,0.728,1.079,54.064,1953107,heavyTank,4,J22_Type_95
4481,1691.742,0.970,0.563,0.901,50.577,130995680,AT-SPG,9,S10_Strv_103_0_Series
4497,1099.512,0.755,0.994,0.689,49.959,8302117,mediumTank,8,Pl23_CS_53
4609,239.776,1.381,1.084,1.833,57.247,15270772,lightTank,2,R09_T-26
4625,403.609,1.020,0.166,1.639,53.943,11767201,SPG,4,G22_Sturmpanzer_II
4641,389.233,1.015,0.127,1.596,53.593,17193975,SPG,4,A17_M37
4657,485.965,0.999,1.387,1.167,54.292,80061730,mediumTank,5,Ch21_T34
4673,920.374,1.038,0.076,1.492,52.679,159453663,SPG,6,F23_AMX_13F3AM
4689,763.680,0.985,0.734,1.218,54.553,34870839,heavyTank,6,GB09_Churchill_VII
4705,360.135,1.166,0.715,1.077,54.154,507093,heavyTank,3,J21_Type_91
4737,2029.283,1.015,0.601,0.831,50.353,89133422,AT-SPG,10,S11_Strv_103B
4865,542.275,0.958,0.098,1.438,50.706,103283662,SPG,4,R14_SU-5
4881,363.538,1.223,1.792,1.228,57.118,17880548,lightTank,3,G102_Pz_III
4897,324.415,1.296,1.413,1.209,56.664,18279997,mediumTank,3,A25_M2_med
4913,499.328,0.729,2.392,0.776,52.592,35546855,lightTank,6,Ch15_59_16
4929,968.648,0.755,2.325,0.720,51.238,214951965,lightTank,9,F17_AMX_13_90
4945,354.999,0.891,0.785,1.391,55.208,12999853,lightTank,3,GB04_Valentine
4961,1249.764,0.799,0.745,0.658,52.593,99137526,heavyTank,8,J27_O_I_120
4993,1204.026,0.846,1.190,0.672,51.193,50508409,mediumTank,8,S29_UDES_14_5
5121,295.198,1.640,0.435,1.793,58.327,5790543,AT-SPG,2,R10_AT-1
5137,1241.696,0.837,0.956,0.902,51.805,306933225,heavyTank,8,G16_PzVIB_Tiger_II
5153,294.210,0.843,2.317,1.097,56.384,2875830,lightTank,4,A22_M5_Stuart
5169,687.979,0.959,1.473,1.065,54.077,89960471,mediumTank,6,Ch20_Type58
5185,677.015,0.752,2.164,0.827,52.108,149405144,lightTank,7,F16_AMX_13_75
5201,251.354,1.418,1.252,1.463,57.136,3312382,lightTank,1,GB03_Cruiser_Mk_I
5217,1085.626,0.951,0.973,0.657,54.873,158269680,heavyTank,7,J28_O_I_100
5249,1530.085,0.894,1.159,0.680,50.729,39240827,mediumTank,9,S27_UDES_16
5265,1869.007,0.942,1.581,0.655,50.674,13860766,mediumTank,10,Pl21_CS_63
5377,1261.237,0.880,1.009,0.807,51.587,1330439401,heavyTank,8,R19_IS-3
5393,399.434,0.700,2.319,0.757,53.828,46415968,lightTank,5,G26_VK1602
5409,377.981,0.794,1.936,0.948,53.729,30785695,lightTank,5,A23_M7_med
5425,1799.476,0.854,1.336,0.560,49.882,24949418,heavyTank,10,Ch22_113
5457,871.156,0.929,1.615,1.093,53.103,58257741,mediumTank,7,GB22_Comet
5473,827.359,1.043,0.800,0.657,54.260,238448018,heavyTank,6,J24_Mi_To_130_tons
5505,1881.668,0.951,1.140,0.597,50.489,25265276,mediumTank,10,S28_UDES_15_16
5633,966.616,1.035,0.066,1.198,51.196,208213658,SPG,6,R26_SU-8
5649,632.333,1.081,0.102,1.592,52.950,182190635,SPG,5,G23_Grille
5665,237.107,1.331,1.549,1.499,57.428,5171025,mediumTank,2,A24_T2_med
5681,1030.230,0.683,2.475,0.625,50.256,13111951,lightTank,9,Ch28_WZ_132A
5697,1413.814,0.986,1.405,0.896,50.703,190389566,mediumTank,9,F75_Char_de_25t
5713,1508.152,0.865,1.241,0.803,50.819,90210865,mediumTank,9,GB24_Centurion_Mk3
5729,701.161,1.265,1.151,0.861,54.855,87539867,heavyTank,5,J23_Mi_To
5889,1071.386,0.991,0.830,0.818,53.861,147021467,heavyTank,7,R39_KV-3
5905,357.250,1.006,0.149,1.625,52.120,6849276,SPG,3,G19_Wespe
5921,1107.687,0.829,1.395,1.041,52.015,59759879,mediumTank,8,A35_Pershing
5937,1287.404,0.722,2.603,0.591,48.902,4875501,lightTank,10,Ch29_Type_62C_prot
5953,295.698,1.058,0.878,1.608,56.992,449403,lightTank,3,F13_AMX38
5969,1098.006,0.775,1.255,0.934,52.543,62285869,mediumTank,8,GB23_Centurion
5985,262.176,1.455,1.154,1.254,57.493,906130,mediumTank,2,J26_Type_89
6145,1859.645,0.876,1.082,0.653,49.517,188083848,heavyTank,10,R90_IS_4M
6161,348.556,0.884,2.553,1.115,55.955,66224555,lightTank,4,G25_PzII_Luchs
6177,278.968,1.851,1.070,1.620,56.852,68856546,AT-SPG,2,A46_T3
6193,1921.877,0.879,1.233,0.477,49.303,30775902,heavyTank,10,Ch41_WZ_111_5A
6209,1902.239,0.991,0.942,0.666,48.463,162025836,heavyTank,10,F10_AMX_50B
6225,1836.915,0.860,1.026,0.637,49.029,44649460,heavyTank,10,GB13_FV215b
6401,389.640,1.401,0.770,1.623,56.692,9218854,AT-SPG,4,R24_SU-76
6417,471.956,0.939,1.557,1.046,55.005,25405097,mediumTank,5,G28_PzIII_IV
6433,360.566,1.455,1.153,1.377,57.965,6153123,AT-SPG,3,A109_T56_GMC
6449,334.680,1.586,0.426,1.362,58.869,646363,AT-SPG,2,Ch30_T-26G_FT
6465,520.415,0.687,1.980,0.727,52.238,184730372,lightTank,6,F15_AMX_12t
6481,336.378,0.885,1.727,1.051,55.167,17889247,lightTank,5,GB60_Covenanter
6657,854.085,0.916,1.431,1.085,53.949,153531302,mediumTank,7,R23_T-43
6673,391.215,1.371,0.906,1.556,58.645,20383983,AT-SPG,3,G20_Marder_II
6705,409.293,1.473,0.594,1.343,56.209,1551150,AT-SPG,3,Ch31_M3G_FT
6721,648.819,1.153,0.874,1.059,55.481,44574220,heavyTank,5,F05_BDR_G1B
6913,499.432,1.310,0.815,1.420,55.947,80075092,AT-SPG,4,R25_GAZ-74b
6929,1857.630,0.884,0.833,0.574,51.725,89256691,heavyTank,10,G42_Maus
6945,581.200,1.122,0.939,1.361,54.898,58302336,AT-SPG,5,A30_M10_Wolverine
6961,586.436,1.414,0.675,1.195,56.615,13127516,AT-SPG,4,Ch32_SU-76G_FT
6977,1022.499,0.883,0.938,1.001,53.541,60774170,heavyTank,7,F07_AMX_M4_1945
6993,295.087,1.337,0.913,1.117,56.320,9864579,lightTank,2,GB69_Cruiser_Mk_II
7169,1788.468,0.851,1.245,0.581,49.555,619485659,heavyTank,10,R45_IS-7
7185,729.024,0.946,1.253,0.888,54.238,84633193,heavyTank,6,G27_VK3001P
7201,794.715,1.009,0.833,1.117,53.916,67586512,AT-SPG,6,A31_M36_Slagger
7217,605.765,1.075,0.507,0.904,54.624,5309076,AT-SPG,5,Ch33_60G_FT
7233,1095.529,0.905,0.062,1.193,51.546,150390432,SPG,7,F24_Lorraine155_50
7249,1789.527,0.899,1.332,0.688,49.507,57151904,mediumTank,10,GB86_Centurion_Action_X
7425,1383.963,1.046,0.508,0.795,50.386,558327217,AT-SPG,8,R47_ISU-152
7441,1530.411,0.842,0.918,0.616,51.739,136533033,heavyTank,9,G58_VK4502P
7457,1282.001,0.875,0.034,0.859,51.144,293566432,SPG,8,A37_M40M43
7473,796.492,1.038,0.630,0.875,53.774,24474256,AT-SPG,6,Ch34_WZ131G_FT
7489,1235.902,0.876,0.053,1.035,50.954,203689805,SPG,8,F25_Lorraine155_51
7505,333.248,1.216,1.654,1.127,56.901,21714793,lightTank,4,GB59_Cruiser_Mk_IV
7681,448.856,1.202,0.123,1.798,53.598,73681943,SPG,3,R66_SU-26
7697,1376.517,1.005,0.570,0.959,51.664,207393987,AT-SPG,8,G37_Ferdinand
7713,499.173,1.302,0.944,1.488,56.452,45613951,AT-SPG,4,A29_T40
7729,1018.623,1.073,0.612,0.877,53.493,25437231,AT-SPG,7,Ch35_T-34-2G_FT
7745,305.421,1.777,0.730,1.827,58.361,1384126,AT-SPG,2,F30_RenaultFT_AC
7761,245.253,1.386,1.766,1.300,57.069,31243937,lightTank,3,GB58_Cruiser_Mk_III
7937,1394.109,0.891,1.579,0.809,50.992,396201130,mediumTank,9,R40_T-54
7953,1724.868,1.023,0.591,0.767,51.184,269306758,AT-SPG,9,G44_JagdTiger
7969,1066.846,0.930,0.050,1.058,51.849,174163920,SPG,7,A32_M12
7985,1308.977,0.933,0.448,0.675,50.948,19596055,AT-SPG,8,Ch36_WZ111_1G_FT
8017,381.243,1.449,0.720,1.724,57.149,4945609,AT-SPG,4,GB42_Valentine_AT
8081,1555.995,0.922,1.132,0.655,50.917,18482197,mediumTank,9,Pl22_CS_59
8193,1812.608,1.111,0.596,0.779,50.425,438613037,AT-SPG,9,R53_Object_704
8209,354.757,0.936,2.287,1.222,56.862,8887315,lightTank,4,G52_Pz38_NA
8225,1351.893,0.970,0.549,0.876,52.614,75176053,AT-SPG,8,A39_T28
8241,1757.636,1.046,0.484,0.586,51.734,26563035,AT-SPG,9,Ch37_WZ111G_FT
8257,369.704,1.372,0.877,1.781,58.259,2280579,AT-SPG,3,F52_RenaultUE57
8273,281.225,1.631,1.115,1.601,58.013,1833474,AT-SPG,2,GB39_Universal_CarrierQF2
8449,1499.625,0.910,0.025,0.779,50.288,226908935,SPG,9,R51_Object_212
8465,1096.283,0.808,1.206,0.968,52.177,78283664,mediumTank,8,G64_Panther_II
8481,1613.513,0.801,0.026,0.614,49.845,110276537,SPG,10,A38_T92
8497,1984.384,0.991,0.580,0.548,50.958,2988671,AT-SPG,10,Ch38_WZ113G_FT
8529,1316.396,0.961,0.610,1.205,52.491,83894360,AT-SPG,8,GB72_AT15
8705,1617.056,0.852,0.034,0.735,49.613,330189848,SPG,10,R52_Object_261
8721,1450.055,0.872,0.030,0.732,50.472,157745408,SPG,9,G45_G_Tiger
8737,1771.310,1.057,0.569,0.550,53.379,142478197,AT-SPG,9,A40_T95
8785,545.378,1.096,0.740,1.698,56.897,36857596,AT-SPG,5,GB73_AT2
8961,841.833,0.907,1.457,1.014,54.340,47469246,mediumTank,7,R46_KV-13
8977,1123.996,0.958,0.043,0.999,51.245,438873580,SPG,7,G49_G_Panther
8993,1508.451,0.916,1.350,0.759,50.792,78423920,mediumTank,9,A63_M46_Patton
9041,449.746,1.216,1.155,1.583,56.659,9198501,AT-SPG,4,GB57_Alecto
9217,1292.237,0.972,1.086,0.797,51.890,350247293,heavyTank,8,R61_Object252
9233,1628.172,0.847,0.028,0.620,50.049,130686153,SPG,10,G61_G_E
9249,1033.475,1.021,0.752,1.118,53.293,43722596,AT-SPG,7,A64_T25_AT
9297,1966.587,1.042,0.496,0.471,49.281,94106468,AT-SPG,10,GB48_FV215b_183
9473,377.130,0.809,2.436,1.015,55.051,5680090,lightTank,5,R41_T-50
9489,1883.223,0.892,0.923,0.485,50.106,380183899,heavyTank,10,G56_E-100
9505,1521.812,0.849,1.067,0.725,50.524,212835902,heavyTank,9,A66_M103
9553,762.596,1.009,0.657,1.370,55.701,59071185,AT-SPG,6,GB74_AT8
9745,1563.808,0.873,0.969,0.704,51.577,438849719,heavyTank,9,G55_E-75
9761,400.888,0.618,2.610,0.721,53.287,66371067,lightTank,5,A34_M24_Chaffee
9793,461.483,1.264,0.558,1.180,56.225,2613305,AT-SPG,4,F32_Somua_Sau_40
9809,754.047,0.935,0.412,1.108,53.012,1835063,AT-SPG,6,GB40_Gun_Carrier_Churchill
9985,1262.304,0.909,0.813,0.881,51.317,101038509,AT-SPG,8,R58_SU-101
10001,489.417,0.634,2.407,0.650,52.429,35317837,lightTank,6,G66_VK2801
10017,701.219,0.986,1.132,1.115,54.383,63271716,mediumTank,6,A36_Sherman_Jumbo
10049,614.432,1.175,0.710,1.321,54.118,60649409,AT-SPG,5,F33_S_35CA
10065,1089.206,1.031,0.641,1.287,55.414,81505728,AT-SPG,7,GB75_AT7
10241,1014.968,1.002,0.850,1.083,53.352,115445053,AT-SPG,7,R74_SU100M1
10257,1550.524,0.911,1.274,0.725,51.350,192569442,mediumTank,9,G54_E-50
10273,469.966,1.188,1.208,1.558,56.861,29088692,AT-SPG,4,A57_M8A1
10497,819.899,1.047,0.695,0.646,53.347,469609344,heavyTank,6,R77_KV2
10513,1213.876,0.851,1.164,0.911,52.179,68831717,heavyTank,8,G67_VK4502A
10529,596.997,1.149,1.369,1.384,54.162,533331326,AT-SPG,5,A58_T67
10577,193.390,1.277,0.205,1.151,56.642,1476633,SPG,2,GB25_Loyd_Gun_Carriage
10753,1567.522,0.865,0.918,0.663,51.390,208674288,heavyTank,9,R63_ST_I
10769,1044.503,0.911,0.941,1.025,54.160,159206217,heavyTank,7,G57_PzVI_Tiger_P
10785,1848.158,0.881,1.221,0.656,49.121,232111827,heavyTank,10,A69_T110E5
10817,982.701,0.901,0.677,1.069,53.338,30665376,AT-SPG,7,F35_AMX_AC_Mle1946
10833,358.918,0.970,0.093,1.814,54.246,9609395,SPG,4,GB26_Birch_Gun
11009,1212.025,0.825,0.814,0.830,52.201,121389627,heavyTank,8,R73_KV4
11025,1014.786,0.983,0.465,0.987,51.113,89955444,AT-SPG,7,G43_Sturer_Emil
11041,974.073,0.929,0.891,1.175,53.120,142582704,AT-SPG,7,A72_T25_2
11073,1668.623,1.048,0.845,0.789,51.848,79941095,AT-SPG,9,F37_AMX50_Foch
11089,597.448,1.117,0.106,1.546,55.067,69334625,SPG,5,GB28_Bishop
11265,801.236,1.000,0.899,0.847,54.419,203357873,heavyTank,6,R72_T150
11281,493.226,1.281,0.782,1.560,56.051,47235411,AT-SPG,4,G39_Marder_III
11297,1324.709,0.938,0.523,0.918,51.242,262809639,AT-SPG,8,A68_T28_Prototype
11345,938.847,0.887,0.061,1.557,52.471,48838674,SPG,7,GB29_Crusader_5inch
11521,1510.274,0.857,1.158,0.714,50.411,663462792,heavyTank,9,R81_IS8
11537,1362.340,0.992,0.682,0.899,51.125,152843498,AT-SPG,8,G71_JagdPantherII
11553,790.019,1.015,1.229,1.179,53.310,589030340,AT-SPG,6,A41_M18_Hellcat
11585,745.683,0.946,0.616,1.078,52.998,21383291,AT-SPG,6,F34_ARL_V39
11601,1415.201,0.837,0.027,0.834,50.880,52868779,SPG,9,GB30_FV3805
11777,629.828,1.156,0.852,1.099,54.996,472741735,heavyTank,5,R80_KV1
11793,816.145,1.016,0.570,1.135,51.444,114779206,AT-SPG,6,G40_Nashorn
11809,876.972,0.987,1.609,1.222,52.449,2035719,mediumTank,7,A86_T23E3
11841,1569.078,0.930,0.054,0.976,50.069,230608681,SPG,10,F38_Bat_Chatillon155_58
11857,765.248,1.004,0.156,1.880,53.600,196360338,SPG,6,GB77_FV304
12049,2000.679,1.001,0.589,0.423,51.115,276473050,AT-SPG,10,G72_JagdPz_E100
12097,1275.634,0.933,0.724,0.940,51.157,69477296,AT-SPG,8,F36_AMX_AC_Mle1948
12113,1172.374,0.846,0.027,0.894,51.159,48263193,SPG,8,GB79_FV206
12289,683.369,0.998,1.820,1.096,54.291,43053315,mediumTank,6,R57_A43
12305,1826.065,0.906,1.313,0.680,49.692,119565757,mediumTank,10,G73_E50_Ausf_M
12369,1652.974,0.751,0.021,0.739,50.714,56315585,SPG,10,GB31_Conqueror_Gun
12545,899.331,0.921,1.558,0.856,52.855,46485664,mediumTank,7,R59_A44
12561,265.098,1.163,2.626,1.379,55.880,88426692,lightTank,3,G63_PzI_ausf_C
12577,518.921,0.968,1.743,0.930,55.457,1387106,mediumTank,5,A78_M4_Improved
12817,264.881,1.286,1.844,1.486,55.373,266821,lightTank,2,G53_PzI
12881,498.099,0.994,1.380,0.972,54.662,10354381,mediumTank,5,GB50_Sherman_III
13073,296.488,0.998,1.594,1.455,57.657,6216354,lightTank,3,G82_Pz_II_AusfG
13089,1997.738,0.966,0.731,0.501,50.161,223796219,AT-SPG,10,A83_T110E4
13121,400.136,1.297,1.060,1.600,57.569,4055906,mediumTank,3,F44_Somua_S35
13137,1633.860,0.994,0.529,0.754,50.434,70880541,AT-SPG,9,GB81_FV4004
13313,1142.269,0.874,1.214,0.914,50.395,59163096,mediumTank,8,R60_Object416
13329,424.928,1.197,1.074,1.261,55.625,4763558,heavyTank,4,G90_DW_II
13345,1144.815,0.842,1.042,0.937,51.165,468260990,mediumTank,8,A80_T26_E4_SuperPershing
13393,585.883,1.057,0.522,1.480,54.140,6799883,AT-SPG,5,GB44_Archer
13569,2035.341,1.042,0.709,0.632,48.797,214756165,AT-SPG,10,R88_Object268
13585,379.714,1.073,1.592,1.246,57.293,1054725,mediumTank,4,G86_VK2001DB
13825,1735.100,0.938,1.392,0.755,48.788,213643143,mediumTank,10,R87_T62A
13841,1129.387,0.818,1.101,0.989,51.256,56994346,mediumTank,8,G88_Indien_Panzer
13857,2044.754,0.979,0.677,0.435,51.664,96750751,AT-SPG,10,A85_T110E3
13889,2030.190,1.087,0.766,0.608,50.136,90770689,AT-SPG,10,F64_AMX_50Fosh_155
13905,1937.920,1.062,0.368,0.383,49.972,75675929,AT-SPG,10,GB83_FV4005
14097,705.467,0.968,1.583,1.121,54.592,32177262,mediumTank,6,G87_VK3002DB_V1
14113,1821.970,0.918,1.247,0.668,49.378,68703499,mediumTank,10,A120_M48A5
14145,401.321,0.635,2.384,0.771,53.356,188293034,lightTank,5,F62_ELC_AMX
14161,1053.386,1.031,0.776,0.985,52.956,50713044,AT-SPG,7,GB41_Challenger
14353,665.682,0.605,2.037,0.721,51.663,4294070,lightTank,7,G85_Auf_Panther
14401,1382.198,0.858,0.038,0.984,50.652,153200505,SPG,9,F67_Bat_Chatillon155_55
14417,767.318,0.990,0.827,1.146,52.886,30053765,AT-SPG,6,GB45_Achilles_IIC
14609,1905.748,0.959,1.127,0.741,48.866,134915513,mediumTank,10,G89_Leopard1
14625,1146.346,0.911,1.243,1.046,50.907,166084929,mediumTank,8,A90_T69
14657,388.309,0.994,0.099,1.518,54.612,13599113,SPG,4,F66_AMX_Ob_Am105
14673,1314.385,0.940,0.693,0.901,50.830,101283813,AT-SPG,8,GB80_Charioteer
14865,1615.454,0.950,1.102,0.808,50.195,152205855,mediumTank,9,G91_Pro_Ag_A
14881,1953.246,1.010,0.825,0.583,48.472,327585356,heavyTank,10,A67_T57_58
14913,386.660,0.943,0.902,1.196,55.179,2006677,mediumTank,4,F70_SARL42
15105,317.322,1.225,1.320,1.572,56.628,9163873,lightTank,3,R43_T-70
15121,213.508,0.989,0.118,0.852,55.477,201764,SPG,2,G93_GW_Mk_VIe
15137,500.076,0.624,2.143,0.706,52.443,29872390,lightTank,6,A71_T21
15169,268.436,1.189,0.798,1.765,56.705,322343,lightTank,2,F50_FCM36_20t
15361,232.806,1.310,1.312,1.767,58.762,4554907,lightTank,2,R42_T-60
15377,1212.695,0.825,0.024,0.788,51.405,168855303,SPG,8,G94_GW_Tiger_P
15393,1583.707,1.035,0.940,0.764,50.298,250985079,heavyTank,9,A89_T54E1
15425,1759.803,0.920,1.327,0.766,49.430,13840481,mediumTank,10,F72_AMX_30
15441,1110.620,0.771,1.090,0.839,51.691,1174147,mediumTank,8,GB87_Chieftain_T95_turret
15617,1959.940,1.092,1.472,0.744,51.752,38764393,mediumTank,10,R95_Object_907
15633,412.615,1.066,0.089,1.556,54.918,25879643,SPG,4,G95_Pz_Sfl_IVb
15649,703.888,0.727,2.383,0.696,51.310,274330613,lightTank,7,A103_T71E1
15681,1528.089,0.921,1.354,0.792,50.826,79023216,mediumTank,9,F71_AMX_30_prototype
15697,1951.560,0.869,1.002,0.487,49.453,116425906,heavyTank,10,GB91_Super_Conqueror
15873,330.468,0.934,1.510,1.345,55.666,8683040,lightTank,4,R44_T80
15889,727.461,0.951,1.315,1.033,53.573,45458720,mediumTank,6,G96_VK3002M
15905,1847.141,0.912,1.300,0.694,50.008,12604317,mediumTank,10,A92_M60
15937,256.137,1.365,0.922,2.045,58.743,920981,lightTank,2,F49_RenaultR35
15953,1975.721,0.968,0.709,0.564,51.938,20538089,AT-SPG,10,GB92_FV217
16129,974.421,0.888,0.035,0.915,51.955,96789711,SPG,7,R91_SU14_1
16145,590.540,1.066,0.670,1.098,52.592,50855478,AT-SPG,5,G76_Pz_Sfl_IVc
16161,1451.984,0.823,0.029,0.946,50.731,317996398,SPG,9,A88_M53_55
16209,582.614,0.938,1.469,0.883,54.308,532390,mediumTank,5,GB107_Cavalier
16385,581.042,1.045,0.082,1.264,53.435,22106792,SPG,5,R100_SU122A
16401,1714.863,1.034,0.502,0.831,50.391,359484010,AT-SPG,9,G97_Waffentrager_IV
16417,814.262,1.008,0.055,1.348,53.353,274322527,SPG,6,A87_M44
16449,1176.081,0.750,0.718,0.657,52.073,2638946,heavyTank,8,F81_Char_de_65t
16641,469.290,0.679,2.636,0.799,52.752,44389335,lightTank,6,R101_MT25
16657,1437.033,1.062,0.446,0.942,50.829,698082153,AT-SPG,8,G99_RhB_Waffentrager
16673,525.911,0.619,2.262,0.753,52.345,148024975,lightTank,6,A94_T37
16705,1689.365,0.870,1.155,0.497,52.372,33980741,heavyTank,9,F83_AMX_M4_Mle1949_Bis
16897,1772.105,0.955,1.401,0.779,49.120,256414760,mediumTank,10,R97_Object_140
16913,2147.829,1.273,0.478,0.745,48.730,153509455,AT-SPG,10,G98_Waffentrager_E100
16961,1864.108,0.805,1.157,0.467,49.752,7697831,heavyTank,10,F82_AMX_M4_Mle1949_Ter
17169,345.238,1.289,1.276,1.144,56.436,1753708,mediumTank,3,G83_Pz_IV_AusfA
17217,1323.363,0.797,2.532,0.551,48.993,70942338,lightTank,10,F88_AMX_13_105
17425,401.499,1.013,1.314,0.976,55.949,4495995,mediumTank,4,G80_Pz_IV_AusfD
17473,792.637,0.709,2.539,0.777,51.419,99623181,lightTank,8,F87_Batignolles-Chatillon_12t
17665,1454.696,0.921,1.331,0.778,51.066,43677569,mediumTank,9,R104_Object_430_II
17729,1971.293,1.116,0.685,0.576,51.261,19118431,AT-SPG,10,F64_AMX_50Fosh_B
17937,481.457,1.309,0.782,1.230,56.291,8574502,AT-SPG,4,G101_StuG_III
17953,779.765,0.730,2.526,0.812,51.918,155601710,lightTank,8,A97_M41_Bulldog
17985,496.726,0.732,2.294,0.720,53.567,27853978,lightTank,6,F109_AMD_Panhard_178B
18177,1000.195,0.699,2.575,0.664,50.887,119034134,lightTank,9,R109_T54S
18193,509.514,1.035,1.225,0.967,54.477,169808973,mediumTank,5,G81_Pz_IV_AusfH
18209,988.509,0.665,2.355,0.619,50.509,179764286,lightTank,9,A100_T49
18241,656.955,0.724,2.693,0.718,53.116,29503942,lightTank,7,F107_Hotchkiss_EBR
18433,772.206,0.701,2.674,0.850,52.362,66048532,lightTank,8,R107_LTB
18449,964.823,0.680,2.655,0.725,51.046,41638074,lightTank,9,G103_RU_251
18465,292.226,0.927,0.099,1.648,53.899,267920,SPG,3,A108_T18_HMC
18497,803.657,0.653,2.746,0.734,51.484,19111413,lightTank,8,F110_Lynx_6x6
18689,630.596,1.152,1.265,0.953,56.229,93404752,heavyTank,6,R13_KV-1s
18705,1601.660,0.870,0.717,0.521,52.517,36075227,heavyTank,9,G110_Typ_205
18721,396.112,0.986,0.109,1.287,54.496,1927778,SPG,4,A27_T82
18753,953.550,0.732,3.586,0.909,53.333,14821158,lightTank,9,F100_Panhard_EBR_90
18961,751.244,0.683,2.038,0.731,51.548,74705443,lightTank,7,G113_SP_I_C
19009,1246.717,0.751,3.807,0.778,51.008,53289030,lightTank,10,F108_Panhard_EBR_105
19201,1211.902,0.761,3.164,0.705,50.397,33571042,lightTank,10,R132_VNII_100LT
19217,2008.469,1.043,0.557,0.564,49.537,297729601,AT-SPG,10,G121_Grille_15_L63
19457,702.648,0.826,2.315,0.795,52.281,37299188,lightTank,7,R131_Tank_Gavalov
19473,1914.185,0.864,0.979,0.423,50.850,29100167,heavyTank,10,G134_PzKpfw_VII
19489,1307.892,0.718,2.588,0.541,48.564,22014701,lightTank,10,A116_XM551
19713,1544.877,0.862,1.105,0.541,52.183,140138846,heavyTank,9,R151_Object_257_2
19729,1268.141,0.838,0.771,0.564,53.511,73817701,heavyTank,8,G115_Typ_205B
19745,663.640,0.764,2.813,0.774,52.278,8983539,lightTank,7,A112_T71E2R
19969,1869.338,0.949,1.316,0.544,50.334,156678919,mediumTank,10,R148_Object_430_U
19985,1246.113,0.698,2.929,0.661,48.368,2699175,lightTank,10,G125_Spz_57_Rh
20225,2027.126,0.958,1.178,0.415,52.515,99467407,AT-SPG,10,R149_Object_268_4
20241,817.318,0.672,2.757,0.712,51.928,12630193,lightTank,8,G126_HWK_12
20257,565.588,1.168,1.202,0.849,55.720,2834150,mediumTank,4,A129_T6_medium
20481,1233.441,0.800,0.849,0.520,52.014,41719455,heavyTank,8,R139_IS_M
20513,889.012,0.906,1.248,0.614,53.653,4264333,heavyTank,6,A142_Pawlack_Tank
20737,1596.253,0.855,0.958,0.456,52.039,63865580,heavyTank,9,R153_Object_705
20769,1129.012,0.905,1.130,0.684,53.261,5318488,heavyTank,7,A147_M_II_Y
20993,1927.386,0.864,1.034,0.354,49.895,73393161,heavyTank,10,R145_Object_705_A
21025,1269.684,0.799,1.073,0.586,52.302,4634613,heavyTank,8,A139_M_III_Y
21249,1660.883,0.949,0.860,0.588,51.826,79577375,AT-SPG,9,R93_Object263
21281,1522.873,0.790,0.984,0.600,50.661,2732737,heavyTank,9,A144_M_VI_Y
21505,1618.751,0.987,1.299,0.630,51.992,190890678,mediumTank,9,R96_Object_430
21537,1934.289,0.873,1.074,0.574,49.446,2118761,heavyTank,10,A143_M_V_Y
21761,1805.425,0.990,1.109,0.721,49.230,9010891,mediumTank,10,R144_K_91
22017,1897.050,0.853,1.423,0.427,49.752,119862283,heavyTank,10,R155_Object_277
22273,1917.085,0.923,0.898,0.488,50.581,8899625,heavyTank,10,R169_ST_II
22529,1612.090,0.897,1.078,0.495,51.950,41827612,heavyTank,9,R171_IS_3_II
22785,1261.580,0.836,0.832,0.555,52.123,36925162,heavyTank,8,R170_IS_2_II
23041,376.670,0.992,1.758,1.258,55.491,914234,lightTank,3,R174_BT-5
25617,628.774,0.839,2.428,0.507,53.772,13895008,lightTank,6,G158_VK2801_105_SPXXI
31233,1130.205,1.001,0.889,0.540,53.951,29213579,heavyTank,7,R175_IS_2_screen
31745,1387.872,0.989,0.329,0.476,50.992,27638577,AT-SPG,8,R177_ISU_152K_BL10
32001,2116.719,0.923,1.114,0.482,49.870,4078314,heavyTank,10,R178_Object_780
32065,1275.769,0.811,1.521,0.661,51.921,6790771,mediumTank,8,F117_Alt_Proto_AMX_30
32257,1250.073,0.842,1.139,0.625,50.827,24495706,mediumTank,8,R180_Object_274_A
32769,1630.684,0.995,0.984,0.792,51.485,7521715,AT-SPG,9,R183_K_91_PT
33025,751.407,1.070,0.944,0.821,54.746,176921,heavyTank,5,R186_KV_1_Screened
33281,411.967,0.773,1.671,0.794,54.131,1178358,mediumTank,4,R185_T_34_L_11_1941
33537,1242.477,0.726,1.199,0.337,53.010,451,heavyTank,8,R188_Object_259A
34081,1466.396,1.040,0.986,0.630,51.348,4297883,mediumTank,8,A149_AMBT
34305,647.700,0.909,1.258,0.810,53.201,125131,mediumTank,5,R193_M4A2_T_34
34561,1360.139,0.885,1.009,0.423,55.971,5417,heavyTank,8,R192_K_2
34593,432.239,1.027,1.627,0.891,54.366,1262370,mediumTank,3,A148_Convertible_Medium_Tank_T3
35105,1440.480,1.075,1.209,0.753,52.555,7416408,mediumTank,8,A140_ASTRON_REX_105mm
38401,1203.816,0.883,1.504,0.731,51.754,105393068,mediumTank,8,R127_T44_100_I
43073,1586.212,0.763,1.314,0.539,50.996,473357,heavyTank,9,F115_Lorraine_50t
43281,465.006,1.420,0.733,1.754,55.764,78243,lightTank,2,G160_Pz_Kpfw_35_R_mit_T_26_Turm
43329,293.841,1.158,1.910,2.395,55.009,146070,lightTank,2,F111_AM39_Gendron_Somua
43537,389.991,0.882,1.226,1.314,50.390,28891,lightTank,3,G161_Pz_Kpfw_M15_38_t
43553,1404.570,0.862,1.102,0.557,52.642,4225286,heavyTank,8,A141_M_IV_Y
43585,850.456,0.705,3.304,0.823,52.356,56279323,lightTank,8,F106_Panhard_EBR_75_Mle1954
43841,282.485,0.992,0.873,1.725,54.155,2496386,lightTank,2,F42_AMR_35
44289,1381.674,0.913,1.039,0.471,52.156,60070374,heavyTank,8,R165_Object_703_II
44545,1655.955,0.864,1.243,0.471,52.776,21495012,heavyTank,9,R119_Object_777
44801,320.611,0.897,1.761,1.135,54.828,11434461,lightTank,3,R161_T_116
45057,1475.815,1.043,0.447,0.639,50.575,309831296,AT-SPG,8,R159_SU_130PM
45313,527.269,0.755,3.056,0.751,53.798,104994264,lightTank,6,R160_T_50_2
45569,813.829,0.667,3.041,0.694,51.569,44561416,lightTank,8,R158_LT_432
45585,710.907,1.092,1.431,1.056,54.767,385786,mediumTank,5,G81_Pz_IV_AusfH_GuP
45841,1173.251,0.897,1.526,0.819,51.648,12542223,mediumTank,8,G154_Kpz_07_RH
46097,455.763,0.809,0.792,1.533,54.427,2320204,AT-SPG,4,G151_Pz_Sfl_IC
46353,1620.629,0.926,1.241,0.746,50.625,14815381,mediumTank,9,G147_Kunze_Panzer
46593,1188.659,1.069,1.038,0.566,54.969,1767545,heavyTank,7,R156_IS_2M
46609,1142.078,0.794,0.944,0.693,52.695,1082719,mediumTank,8,G142_M48RPz
46849,2423.838,1.082,1.248,0.429,54.913,20504782,heavyTank,10,R157_Object_279R
46865,1328.721,0.787,1.337,0.478,51.917,28939468,heavyTank,8,G143_E75_TS
47105,548.037,0.970,1.366,0.854,54.493,24974030,mediumTank,5,R154_T_34E_1943
47121,1787.004,1.021,1.462,0.725,53.220,29600779,mediumTank,9,G144_Kpz_50t
47361,1256.462,0.848,0.975,0.630,50.670,74151829,mediumTank,8,R146_STG_Tday
47377,835.710,0.612,2.709,0.577,50.540,11619737,lightTank,8,G140_HWK_30
47617,1221.982,0.840,0.996,0.643,50.750,10502237,mediumTank,8,R146_STG
47633,319.962,1.393,1.286,1.636,56.236,15531199,lightTank,2,G139_MKA
47873,356.085,1.150,1.124,0.906,54.725,60380776,mediumTank,3,R143_T_29
48129,713.560,0.925,1.188,0.857,52.443,285569,mediumTank,6,R140_M4_Loza
48145,1238.881,0.811,0.760,0.532,52.905,2583372,heavyTank,8,G138_VK168_02_Mauerbrecher
48385,1398.857,0.899,0.564,0.560,51.546,37695404,AT-SPG,8,R135_T_103
48401,1364.558,0.940,0.636,0.790,51.291,27266903,AT-SPG,8,G112_KanonenJagdPanzer_105
48641,1366.809,0.871,1.000,0.472,52.723,118352417,heavyTank,8,R134_Object_252K
48913,1247.621,0.807,0.752,0.538,52.031,21859410,heavyTank,8,G138_VK168_02
49169,814.133,0.942,1.021,0.642,54.141,97312285,heavyTank,6,G136_Tiger_131
49409,1375.672,0.939,1.033,0.482,52.062,38739587,heavyTank,8,R61_Object252_BF
49665,1374.123,0.877,0.989,0.481,52.921,27954427,heavyTank,8,R134_Object_252U
49921,1037.452,0.930,1.146,0.547,53.413,4195860,heavyTank,7,R133_KV_122
49937,1099.773,0.779,1.188,0.779,51.065,3993760,mediumTank,8,G119_Panzer58_BF
50193,1392.986,0.976,0.526,0.632,50.886,510960057,AT-SPG,8,G114_Rheinmetall_Skorpian
50689,2058.857,0.989,0.491,0.524,50.394,643959,AT-SPG,10,R126_Object_730_5
50721,1176.759,0.806,1.157,0.723,51.032,579657,mediumTank,8,A136_T42
50849,2118.022,1.108,1.177,0.659,51.375,3128311,mediumTank,10,It20_Carro_Combattimento_45t
50945,258.944,1.196,1.143,1.374,56.330,16624534,lightTank,2,R125_T_45
50961,821.178,0.630,2.517,0.618,50.784,30286363,lightTank,8,G120_M41_90_GrandFinal
50977,538.792,0.682,2.433,0.667,53.676,16338916,lightTank,6,A134_M24E2_SuperChaffee
51057,1624.899,1.041,0.951,0.482,53.057,42838963,heavyTank,8,Cz14_Skoda_T-56
51089,1313.811,0.875,1.254,0.644,50.697,52703716,mediumTank,8,Pl19_CS_52_LIS
51105,1409.497,0.931,1.054,0.465,51.596,40838391,heavyTank,8,It18_Progetto_C45_mod_71
51201,614.603,1.255,1.320,1.279,57.655,1708919,heavyTank,5,R38_KV-220_beta
51233,1392.384,0.930,0.922,0.549,50.845,9792760,heavyTank,8,A132_T77
51281,617.373,1.123,0.741,1.143,55.486,151206,mediumTank,4,GB113_Matilda_LVT
51313,1142.957,0.981,1.058,0.734,55.911,314100,heavyTank,7,Cz15_Skoda_T-45_Prem
51345,786.823,1.000,1.435,0.901,54.154,13326996,mediumTank,6,Pl16_T34_85_Rudy
51361,1322.156,0.984,1.298,0.722,50.894,242343311,mediumTank,8,It13_Progetto_M35_mod_46
51457,523.758,1.159,1.106,1.353,55.402,37689691,mediumTank,5,R32_Matilda_II_LL
51473,841.658,1.414,2.099,1.059,57.349,7403695,mediumTank,5,G32_PzV_PzIV
51489,250.058,1.268,2.411,1.328,55.959,7588478,lightTank,2,A19_T2_lt
51537,1335.586,0.876,0.806,0.451,51.481,11021669,heavyTank,8,GB112_Caliban
51553,511.244,0.936,1.070,1.140,53.008,20914213,mediumTank,5,J12_Chi_Nu_Kai
51569,735.767,0.938,1.333,0.820,52.813,23123549,mediumTank,6,Cz01_Skoda_T40
51585,801.028,1.039,0.980,0.880,53.034,58078991,mediumTank,6,S01_Strv_74_A2
51713,615.337,1.174,1.181,1.320,54.860,102023443,heavyTank,5,R33_Churchill_LL
51729,449.936,1.650,1.349,2.319,61.757,6022479,lightTank,3,G36_PzII_J
51745,513.893,1.048,1.396,1.160,55.854,9567349,mediumTank,5,A62_Ram-II
51825,1203.084,0.869,1.087,0.693,50.250,14644098,mediumTank,8,Cz13_T_27
51841,231.883,1.027,1.433,1.216,55.462,840533,lightTank,2,S15_L_60
51985,411.375,1.479,1.346,1.641,58.307,40150966,mediumTank,3,G34_S35_captured
52001,321.550,1.068,1.601,1.277,54.945,17424206,lightTank,3,A33_MTLS-1G14
52049,1595.553,0.958,1.124,0.541,54.406,2623932,heavyTank,8,GB111_Charlemagne
52065,1114.762,0.796,1.230,0.825,50.938,21559438,mediumTank,8,J18_STA_2_3
52097,1419.989,0.947,0.463,0.797,50.792,175184271,AT-SPG,8,S22_Strv_S1
52225,349.471,1.255,2.191,1.375,56.109,1773943,lightTank,3,R34_BT-SV
52241,499.223,1.524,1.563,1.614,56.200,28478248,heavyTank,4,G35_B-1bis_captured
52257,472.677,1.015,1.620,1.059,54.781,8594277,mediumTank,5,A44_M4A2E4
52305,1471.981,1.118,0.605,0.743,51.714,55981126,AT-SPG,8,GB109_GSOR_1008
52321,811.275,0.966,1.038,0.773,54.370,22138731,heavyTank,6,J19_Tiger_I_Jpn
52353,1109.841,0.743,1.203,0.757,52.241,1158162,mediumTank,8,S23_Strv_81
52481,375.981,1.252,1.466,1.709,54.303,24405295,lightTank,4,R31_Valentine_LL
52497,336.796,1.878,1.593,2.895,56.324,12044274,lightTank,2,G33_H39_captured
52513,1239.269,0.805,1.154,0.627,51.350,19881905,heavyTank,8,A45_M6A2E1
52561,1752.348,1.044,0.609,0.788,52.828,158095193,AT-SPG,9,GB32_Tortoise
52577,1217.050,0.756,1.463,0.494,52.734,293792,heavyTank,8,J29_Nameless
52609,1086.138,0.735,1.272,0.691,51.989,5882675,mediumTank,8,S23_Strv_81_sabaton
52737,266.386,1.012,1.614,1.574,54.075,938136,lightTank,3,R67_M3_LL
52769,306.589,1.106,2.457,1.669,56.954,7402788,lightTank,3,A43_M22_Locust
52817,373.960,0.921,1.397,1.366,55.991,787415,mediumTank,4,GB33_Sentinel_AC_I
52833,1044.905,0.759,1.793,0.714,52.366,120368,mediumTank,8,J30_Edelweiss
52865,1381.866,0.936,1.029,0.522,51.587,31324651,heavyTank,8,S25_EMIL_51
52993,480.682,1.213,2.565,1.057,56.108,1305620,mediumTank,4,R68_A-32
53121,1271.714,0.904,1.250,0.727,51.100,33779418,mediumTank,8,S26_Lansen_C
53249,1241.278,0.960,1.086,0.921,51.386,232620879,heavyTank,8,R54_KV-5
53505,340.841,1.444,1.587,1.761,55.574,46232650,lightTank,3,R56_T-127
53537,229.767,1.144,1.520,1.281,57.099,1346423,lightTank,2,A74_T1_E6
53585,537.486,1.083,0.789,1.430,54.453,16569474,mediumTank,5,GB68_Matilda_Black_Prince
53761,613.860,1.247,0.820,1.391,53.113,10435467,AT-SPG,5,R78_SU_85I
53793,1105.528,0.838,1.306,0.930,51.708,1691524,mediumTank,8,A81_T95_E2
53841,822.176,1.057,0.579,1.253,52.895,21235153,heavyTank,6,GB63_TOG_II
54017,691.356,1.276,1.443,1.080,57.462,31348926,heavyTank,5,R38_KV-220
54033,806.633,1.281,1.985,0.841,56.604,70991,mediumTank,5,G32_PzV_PzIV_ausf_Alfa
54097,988.323,1.011,0.782,1.135,54.618,19793076,AT-SPG,7,GB71_AT_15A
54145,1611.262,0.830,1.052,0.559,50.690,8403195,heavyTank,9,S31_Strv_K
54273,493.438,1.817,0.894,1.511,57.728,1962087,AT-SPG,3,R50_SU76I
54289,1254.753,0.785,0.900,0.803,51.812,623262829,heavyTank,8,G51_Lowe
54353,630.283,1.248,1.595,1.164,56.704,19280900,heavyTank,5,GB51_Excelsior
54529,249.312,1.370,1.421,1.559,56.247,28229702,lightTank,2,R84_Tetrarch_LL
54545,515.960,0.998,1.539,1.166,54.716,81487370,mediumTank,5,G46_T-25
54609,377.492,1.228,0.116,1.226,56.265,2831335,SPG,3,GB78_Sexton_I
54657,1369.272,0.798,0.821,0.477,52.419,6290592,heavyTank,8,S32_Bofors_Tornvagn
54785,826.900,1.086,0.534,0.735,53.130,78101505,AT-SPG,6,R49_SU100Y
54801,290.550,1.098,2.680,1.663,58.008,3786078,lightTank,3,G50_T-15
54865,227.985,1.302,1.594,1.324,54.744,6228418,lightTank,2,GB76_Mk_VIC
55057,594.402,1.049,1.265,1.107,53.106,4576385,mediumTank,5,G70_PzIV_Hydro
55073,236.487,1.276,1.693,1.337,55.137,5931390,lightTank,2,A93_T7_Combat_Car
55121,989.892,0.907,1.083,1.075,53.700,54654770,heavyTank,7,GB52_A45
55297,1050.025,1.137,0.758,0.908,52.790,222216969,AT-SPG,7,R89_SU122_44
55313,1240.793,0.921,0.769,1.072,51.130,106668115,AT-SPG,8,G65_JagdTiger_SdKfz_185
55377,476.294,0.640,2.436,0.742,52.708,2914316,lightTank,6,GB108_A46
55569,997.299,1.224,1.435,1.519,51.845,629514580,AT-SPG,7,G48_E-25
55633,1107.400,0.760,1.270,0.779,51.367,111058354,mediumTank,8,GB70_N_FV4202_105
55841,1897.913,0.978,1.241,0.667,49.983,2717878,mediumTank,10,A95_T95_E6
55889,746.811,1.048,2.177,0.977,55.154,54300655,mediumTank,6,GB85_Cromwell_Berlin
56081,1296.141,0.797,0.902,0.416,52.300,10457952,heavyTank,8,G141_VK7501K
56097,689.342,0.944,1.277,1.048,54.083,5155995,mediumTank,6,A104_M4A3E8A
56145,762.579,0.946,0.972,0.982,53.277,5012452,mediumTank,6,GB35_Sentinel_AC_IV
56353,1017.520,0.968,0.742,1.152,52.167,32190711,AT-SPG,7,A101_M56
56577,273.738,1.192,1.328,1.608,55.720,35818839,lightTank,3,R86_LTP
56609,999.021,0.937,0.793,0.806,53.845,76227620,AT-SPG,7,A102_T28_concept
56657,1217.853,0.767,1.174,0.578,51.712,38864405,heavyTank,8,GB93_Caernarvon_AX
56913,1135.192,0.763,1.336,0.690,52.074,19843764,mediumTank,8,GB94_Centurion_Mk5-1_RAAC
57105,793.592,1.027,0.707,0.982,52.279,90175042,AT-SPG,6,G41_DickerMax
57121,1110.074,0.802,1.247,0.907,51.659,10591005,mediumTank,8,A63_M46_Patton_KR
57169,834.199,1.002,1.008,0.843,52.929,5626761,mediumTank,6,GB95_Ekins_Firefly_M4A4
57361,726.688,0.936,1.026,1.183,52.939,19377250,mediumTank,6,G77_PzIV_Schmalturm
57377,1100.813,0.775,1.313,0.784,50.754,82479655,mediumTank,8,A111_T25_Pilot
57425,1487.743,0.978,1.003,0.638,52.950,11829419,mediumTank,8,GB97_Chimera
57617,904.915,0.981,1.323,1.053,53.223,28600450,mediumTank,7,G78_Panther_M10
57633,686.691,0.681,2.764,0.830,51.984,32876,lightTank,7,A112_T71E2
57681,916.543,1.115,0.784,1.011,53.273,14864520,AT-SPG,6,GB96_Excalibur
57889,755.582,0.646,2.965,0.785,51.602,8609332,lightTank,8,A99_T92_LT
57937,2276.425,1.022,1.403,0.506,51.976,34749538,heavyTank,10,GB98_T95_FV4201_Chieftain
58113,865.490,1.107,1.315,0.828,54.412,119271912,mediumTank,6,R108_T34_85M
58369,1945.021,0.862,1.492,0.495,50.020,33619406,heavyTank,10,R110_Object_260
58449,797.113,0.628,3.012,0.736,51.369,2299320,lightTank,8,GB101_FV1066_Senlac
58625,1295.741,0.955,0.415,0.676,50.640,109752,AT-SPG,8,R111_ISU130
58641,2084.023,0.952,0.976,0.395,51.801,12018310,heavyTank,10,G92_VK7201
58657,1275.023,0.760,1.217,0.472,52.017,50601385,heavyTank,8,A115_Chrysler_K_GF
58705,959.177,0.662,3.094,0.838,53.704,2688656,lightTank,9,GB103_GSOR3301_AVR_FS
58881,1244.753,0.803,1.030,0.620,52.393,13591855,heavyTank,8,R113_Object_730
58913,1191.343,0.784,1.233,0.700,52.478,21061713,heavyTank,8,A117_T26E5
58961,1255.429,0.712,3.155,0.719,51.787,13593211,lightTank,10,GB100_Manticore
59137,1105.514,1.039,1.079,0.725,54.285,28883495,heavyTank,7,R71_IS_2B
59169,1191.471,0.772,1.230,0.677,52.141,34175443,heavyTank,8,A117_T26E5_Patriot
59217,788.104,0.943,0.857,0.569,53.054,2600,heavyTank,6,GB105_Black_Prince_2019
59393,783.197,1.012,1.452,0.934,54.349,34051988,mediumTank,6,R117_T34_85_Rudy
59409,616.842,1.170,1.310,1.015,58.166,3258,heavyTank,5,G122_VK6501H
59425,1225.286,0.733,0.842,0.536,51.447,8943239,heavyTank,8,A13_T34_hvy_BF
59473,804.782,0.633,2.630,0.828,52.298,4671396,lightTank,8,GB102_LHMTV
59649,1040.169,1.112,0.586,0.819,52.921,12459140,AT-SPG,7,R116_ISU122C_Berlin
59665,339.162,1.212,1.313,1.133,55.300,1442070,mediumTank,3,G100_Gtraktor_Krupp
59681,752.433,0.961,1.195,0.873,54.478,6484702,mediumTank,6,A118_M4_Thunderbolt
59729,623.006,0.652,2.478,0.921,52.961,1676629,lightTank,7,GB104_GSR_3301_Setter
59905,1123.005,0.827,1.258,0.764,51.710,86695182,mediumTank,8,R112_T54_45
59937,998.964,0.953,1.158,0.764,55.255,1900918,mediumTank,7,A121_M26_Cologne
59985,1344.439,0.944,0.589,0.630,53.280,6022916,AT-SPG,8,GB99_Turtle_Mk1
60161,934.711,1.101,1.077,0.771,56.306,770776,heavyTank,6,R114_Object_244
60177,1101.308,0.805,1.071,0.901,50.573,25181940,mediumTank,8,G106_PzKpfwPanther_AusfF
60193,1287.926,0.780,1.239,0.457,52.614,1769771,heavyTank,8,A115_Chrysler_K
60225,1320.917,0.985,1.774,0.753,51.510,196643173,mediumTank,8,F116_Bat_Chatillon_Bourrasque
60241,629.310,0.992,0.785,1.031,55.109,5503983,mediumTank,5,GB37_Valliant
60417,1387.526,0.980,0.910,0.490,53.088,56771683,heavyTank,8,R115_IS-3_auto
60433,243.316,1.186,1.761,1.564,57.325,1195051,lightTank,2,G108_PzKpfwII_AusfD
60449,1427.812,0.998,0.729,0.562,53.437,85546895,AT-SPG,8,A122_TS-5
60465,1610.563,0.808,0.885,0.464,51.846,4387480,heavyTank,9,Ch45_WZ_114
60481,1746.298,1.088,1.313,0.788,51.331,142022045,mediumTank,9,F114_Projet_4_1
60497,1763.634,1.180,0.755,0.730,51.481,2549866,mediumTank,9,GB106_Cobra
60529,1411.092,1.025,0.617,0.828,51.039,16301290,AT-SPG,8,Cz20_ShPTK_TVP_100_mm
60689,540.857,1.092,0.623,1.476,53.282,15275069,AT-SPG,5,G104_Stug_IV
60721,1336.849,0.816,1.395,0.435,52.292,3730,heavyTank,8,Ch46_113_140
60737,809.515,1.004,1.335,0.830,54.594,9007639,mediumTank,6,F113_Bretagne_Panther
60753,1508.788,0.994,1.002,0.350,50.191,1208,heavyTank,8,GB115_Gonsalo
60929,345.450,1.011,1.720,0.940,54.312,46660943,lightTank,3,R105_BT_7A
60945,1537.004,0.936,1.400,0.741,51.359,104208459,mediumTank,9,G105_T-55_NVA_DDR
60977,2216.961,1.111,0.441,0.609,50.398,4496829,AT-SPG,10,Ch44_114_SP2
60993,874.982,1.029,1.174,0.870,53.762,7165506,mediumTank,6,F85_M4A1_FL10
61217,974.482,1.154,0.997,0.964,54.440,14441457,AT-SPG,6,A123_T78
61249,682.853,1.156,0.856,1.058,53.565,119628941,AT-SPG,5,F112_M10_RBFM
61441,510.412,1.239,1.103,1.048,56.464,14511184,mediumTank,4,R118_T28_F30
61457,521.922,0.928,1.288,0.967,54.763,897817,mediumTank,5,G107_PzKpfwIII_AusfK
61473,1099.001,0.907,1.080,0.654,54.216,9622764,heavyTank,7,A126_PzVI_Tiger_II_capt
61505,759.651,0.692,3.112,0.881,52.496,105164635,lightTank,8,F97_ELC_EVEN_90
61697,1797.256,0.948,1.553,0.753,51.963,3855734,mediumTank,10,R120_T22SR_A22
61713,1019.188,0.985,0.564,1.038,52.250,16118305,AT-SPG,7,G109_Steyr_WT
61729,1667.930,0.825,1.114,0.470,51.356,83356881,heavyTank,9,A125_AEP_1
61761,1361.878,0.943,0.629,0.757,51.152,31192205,AT-SPG,8,F89_Canon_dassaut_de_105
61953,1159.825,0.873,1.444,0.773,51.717,18119068,mediumTank,8,R122_T44_100
61969,1163.358,0.938,0.816,1.350,50.237,203531,AT-SPG,8,G112_KanonenJagdPanzer
61985,1433.724,0.904,1.150,0.552,52.724,57159321,heavyTank,8,A124_T54E2
62001,801.169,0.644,2.705,0.700,51.809,1236198,lightTank,8,Ch42_WalkerBulldog_M41D
62017,1225.567,0.746,0.979,0.569,52.231,43983952,heavyTank,8,F74_AMX_M4_1949_Liberte
62209,1199.040,0.809,0.704,0.815,54.574,4861,AT-SPG,8,R121_KV4_KTT
62241,1177.886,0.815,1.252,0.683,51.148,5105891,mediumTank,8,A127_TL_1_LPC
62257,1944.363,0.884,1.193,0.448,50.113,1258524,heavyTank,10,Ch41_WZ_111_QL
62273,1434.983,1.025,0.707,0.582,52.016,56162390,heavyTank,8,F84_Somua_SM
62481,1447.986,0.990,0.472,0.595,51.312,52780667,AT-SPG,8,G114_Skorpian
62497,973.831,0.928,1.024,0.903,53.930,112550005,AT-SPG,7,A130_Super_Hellcat
62513,1883.440,0.847,1.353,0.414,50.596,72472,heavyTank,10,Ch22_113_Beijing_Opera
62529,1291.025,0.956,1.035,0.697,50.605,95246941,mediumTank,8,F19_Lorraine40t
62721,1342.311,0.834,1.228,0.495,53.285,673816,heavyTank,8,R123_Kirovets_1
62753,1949.099,0.996,1.495,0.576,53.433,12757377,heavyTank,9,A128_concept_1b
62785,1226.381,0.752,1.003,0.563,52.336,37672088,heavyTank,8,F74_AMX_M4_1949
62977,1214.965,0.903,1.490,0.778,52.124,289725,mediumTank,8,R127_T44_100_P
62993,1070.084,0.932,1.077,0.854,54.266,7186553,heavyTank,7,G118_VK4503
63041,1208.481,0.832,0.821,0.664,50.703,85933296,mediumTank,8,F73_M4A1_Revalorise
63233,1287.465,0.755,0.971,0.551,52.060,1658342,heavyTank,8,R128_KV4_Kreslavskiy
63249,544.728,0.989,1.091,1.066,54.660,2407335,mediumTank,5,G116_Turan_III_prot
63281,1374.370,1.029,0.769,0.695,52.169,102605769,AT-SPG,8,Ch39_WZ120_1G_FT
63297,716.407,0.787,2.606,0.809,52.205,24387695,lightTank,7,F69_AMX13_57_100_GrandFinal
63505,278.700,0.736,1.066,1.356,52.651,870857,lightTank,3,G117_Toldi_III
63537,1877.376,0.942,1.307,0.633,50.876,23175257,mediumTank,10,Ch25_121_mod_1971B
63553,1092.081,0.809,1.408,0.997,50.640,108898989,mediumTank,8,F68_AMX_Chasseur_de_char_46
63761,1117.646,0.811,1.220,0.928,51.131,55415,mediumTank,8,G119_Panzer58
63793,1049.082,0.803,1.282,0.923,51.900,2556117,mediumTank,8,Ch26_59_Patton
63809,762.319,0.857,2.913,0.836,52.985,28659194,lightTank,7,F69_AMX13_57_100
64001,1570.099,0.921,1.209,0.492,56.996,4023,heavyTank,8,R188_Object_259A_CN
64017,805.402,0.631,2.577,0.604,50.817,3196523,lightTank,8,G120_M41_90
64049,1242.020,0.913,1.289,0.688,50.886,66580214,mediumTank,8,Ch14_T34_3
64065,1189.672,0.893,1.342,1.067,50.856,82813531,heavyTank,8,F65_FCM_50t
64273,1104.780,0.795,1.232,0.905,51.516,29290451,mediumTank,8,G119_Pz58_Mutz
64561,1244.847,0.872,1.319,0.601,52.579,45121717,heavyTank,8,Ch23_112
64769,885.714,1.125,0.752,0.482,54.601,12104887,heavyTank,6,R152_KV2_W
64817,579.794,0.788,2.663,0.794,52.304,136474221,lightTank,6,Ch24_Type64
65073,1298.627,0.855,1.316,0.475,52.013,10571027,heavyTank,8,Ch03_WZ_111_A
65329,1384.548,0.889,0.974,0.628,51.861,38463690,mediumTank,8,Ch43_WZ_122_2
